measure,quintile,counties,pop_2020,range_low,range_high,net_domestic_mig_2020_25,per_1000,international_mig,natural_change
July avg max temp F (1991-2020),1,718,65055413,65.2,83.1,-230943,-3.55,1131197,-107418
July avg max temp F (1991-2020),2,522,66602706,83.1,85.9,-1787359,-26.84,1847661,405917
July avg max temp F (1991-2020),3,625,65966602,85.9,88.8,-741504,-11.24,1606887,484015
July avg max temp F (1991-2020),4,659,62989903,88.8,91.9,1377665,21.87,1776976,180834
July avg max temp F (1991-2020),5,574,64521525,91.9,107.2,1484298,23.0,1774930,885184
Annual heating degree days (1991-2020),1,342,65088627,179.3,2129.0,1279319,19.66,2258869,566895
Annual heating degree days (1991-2020),2,491,65133197,2131.1,3227.3,-471788,-7.24,1660468,682103
Annual heating degree days (1991-2020),3,767,66222065,3230.3,4881.0,-199299,-3.01,1648493,270382
Annual heating degree days (1991-2020),4,601,65391611,4885.8,6206.8,-435816,-6.66,1442774,133117
Annual heating degree days (1991-2020),5,897,63300649,6208.1,10968.4,-70259,-1.11,1127047,196035
