year,lightning,tornado,flood,hurricane,heat,cold,pop,thf
1940,340,65,60,51,,,132122000.0,176
1941,388,53,47,10,,,133402000.0,110
1942,372,384,68,8,,,134860000.0,460
1943,432,58,107,16,,,136739000.0,181
1944,419,275,33,64,,,138397000.0,372
1945,268,210,91,7,,,139928000.0,308
1946,231,78,28,0,,,141389000.0,106
1947,338,313,55,53,,,144126000.0,421
1948,256,140,82,3,,,146631000.0,225
1949,249,212,48,4,,,149188000.0,264
1950,219,70,93,19,,,151684000.0,182
1951,248,34,51,0,,,154287000.0,85
1952,212,230,54,3,,,156954000.0,287
1953,145,515,40,2,,,159565000.0,557
1954,220,36,55,193,,,162391000.0,284
1955,181,126,302,218,,,165275000.0,646
1956,149,83,42,21,,,168221000.0,146
1957,180,191,82,395,,,171274000.0,668
1958,104,66,47,2,,,174141000.0,115
1959,183,58,25,24,,,177130000.0,107
1960,129,47,169,65,,,180760000.0,281
1961,149,51,93,46,,,183742000.0,190
1962,153,28,53,4,,,186590000.0,85
1963,165,31,41,11,,,189300000.0,83
1964,129,73,142,49,,,191927000.0,264
1965,149,296,188,75,,,194347000.0,559
1966,110,98,56,54,,,196599000.0,208
1967,88,114,53,18,,,198752000.0,185
1968,129,131,57,9,,,200745000.0,197
1969,131,66,445,256,,,202736000.0,767
1970,122,72,131,11,,,205089000.0,214
1971,122,156,68,8,,,207692000.0,232
1972,94,27,555,121,,,209924000.0,703
1973,124,87,178,5,,,211939000.0,270
1974,102,361,111,1,,,213898000.0,473
1975,91,60,127,4,,,215981000.0,191
1976,74,44,193,9,,,218086000.0,246
1977,98,43,210,0,,,220289000.0,253
1978,88,53,125,36,,,222629000.0,214
1979,63,83,121,22,,,225106000.0,226
1980,74,28,82,4,,,227726000.0,114
1981,66,24,84,0,,,230008000.0,108
1982,77,64,155,0,,,232218000.0,219
1983,77,34,204,22,,,234333000.0,260
1984,67,122,126,4,,,236394000.0,252
1985,74,93,166,30,,,238506000.0,289
1986,68,15,94,11,40,,240683000.0,120
1987,88,59,70,0,38,,242843000.0,129
1988,68,32,31,9,41,17,245061000.0,72
1989,67,50,85,38,6,121,247387000.0,173
1990,74,53,142,0,32,13,250181000.0,195
1991,73,39,61,19,36,13,253530000.0,119
1992,41,39,62,27,8,14,256922000.0,128
1993,43,33,103,2,20,18,260282000.0,138
1994,69,69,91,9,29,52,263455000.0,169
1995,85,30,80,17,1021,22,266588000.0,127
1996,52,25,131,37,36,62,269714000.0,193
1997,42,67,118,1,81,51,272958000.0,186
1998,44,130,136,9,173,11,276154000.0,275
1999,46,94,68,19,502,7,279328000.0,181
2000,51,41,38,0,158,26,282398000.0,79
2001,44,40,48,24,166,4,285225000.0,112
2002,51,55,49,51,167,11,287955000.0,155
2003,43,54,86,14,36,20,290626000.0,154
2004,32,35,82,34,6,27,293262000.0,151
2005,38,38,43,1016,158,24,295993000.0,1097
2006,48,67,76,0,253,2,298818000.0,143
2007,45,81,87,1,105,47,301696000.0,169
2008,27,126,82,12,71,44,304543000.0,220
2009,34,21,56,2,45,33,307240000.0,79
2010,29,45,103,0,138,34,309839000.0,148
2011,26,553,113,9,206,29,312295000.0,675
2012,28,69,29,4,156,8,314725000.0,102
2013,23,55,82,1,92,24,317099000.0,138
2014,26,47,40,0,20,43,319601000.0,87
2015,27,36,187,14,45,53,322113000.0,237
2016,38,18,126,11,94,31,324609000.0,155
2017,16,35,136,7,107,27,326860000.0,178
2018,20,10,80,7,108,36,328794000.0,97
2019,20,42,92,0,187,35,330513000.0,134
2020,17,76,57,24,350,13,331840000.0,157
2021,11,104,146,12,375,106,332503000.0,262
2022,19,23,93,116,383,22,334350000.0,232
2023,14,86,70,3,555,11,337087000.0,159
2024,13,52,145,74,529,46,340095000.0,271
2025,20,67,230,0,100,25,341944000.0,297
